{"Mean RFP+ (%)": 13.895729166666666, "STD RFP+ (%)": 16.585452701346252}